identifier,authoritativeMN,dateUploaded
knb-lter-ntl.137.8,urn:node:LTER,2006-09-12T23:00:00Z
knb-lter-ntl.136.8,urn:node:LTER,2006-09-12T23:00:00Z
knb-lter-hfr.87.15,urn:node:LTER,2006-03-14T00:00:00Z
knb-lter-hfr.88.14,urn:node:LTER,2006-03-14T00:00:00Z
knb-lter-hfr.110.14,urn:node:LTER,2006-03-15T00:00:00Z
knb-lter-ntl.140.10,urn:node:LTER,2006-09-12T23:00:00Z
knb-lter-ntl.141.15,urn:node:LTER,2006-09-12T23:00:00Z
knb-lter-ntl.143.10,urn:node:LTER,2006-09-12T23:00:00Z
knb-lter-ntl.142.8,urn:node:LTER,2006-09-12T23:00:00Z
knb-lter-ntl.144.10,urn:node:LTER,2006-09-12T23:00:00Z
knb-lter-ntl.177.16,urn:node:LTER,2006-11-28T00:00:00Z
knb-lter-mcm.4004.8,urn:node:LTER,2006-05-24T23:00:00Z
knb-lter-mcm.59.12,urn:node:LTER,2006-02-23T00:00:00Z
knb-lter-vcr.145.17,urn:node:LTER,2006-02-03T00:00:00Z
knb-lter-hfr.49.16,urn:node:LTER,2006-03-14T00:00:00Z
knb-lter-hfr.44.18,urn:node:LTER,2006-03-14T00:00:00Z
knb-lter-hfr.43.17,urn:node:LTER,2006-03-14T00:00:00Z
knb-lter-hfr.38.15,urn:node:LTER,2006-03-14T00:00:00Z
knb-lter-hfr.48.16,urn:node:LTER,2006-03-14T00:00:00Z
knb-lter-hfr.40.15,urn:node:LTER,2006-03-14T00:00:00Z
knb-lter-hfr.16.14,urn:node:LTER,2006-03-13T00:00:00Z
knb-lter-hfr.25.13,urn:node:LTER,2006-03-14T00:00:00Z
knb-lter-hfr.32.15,urn:node:LTER,2006-03-14T00:00:00Z
knb-lter-mcm.4001.7,urn:node:LTER,2006-05-22T23:00:00Z
knb-lter-hfr.20.13,urn:node:LTER,2006-03-13T00:00:00Z
knb-lter-hfr.23.13,urn:node:LTER,2006-03-14T00:00:00Z
knb-lter-hfr.24.13,urn:node:LTER,2006-03-14T00:00:00Z
knb-lter-hfr.7.19,urn:node:LTER,2006-03-13T00:00:00Z
knb-lter-hfr.8.18,urn:node:LTER,2006-03-13T00:00:00Z
knb-lter-bes.13.570,urn:node:LTER,2006-01-21T00:00:00Z
knb-lter-bes.11.570,urn:node:LTER,2006-07-28T23:00:00Z
knb-lter-hfr.17.17,urn:node:LTER,2006-03-13T00:00:00Z
knb-lter-hfr.10.15,urn:node:LTER,2006-03-13T00:00:00Z
knb-lter-bes.12.570,urn:node:LTER,2006-01-24T00:00:00Z
knb-lter-bes.110.570,urn:node:LTER,2006-12-20T00:00:00Z
knb-lter-bes.113.570,urn:node:LTER,2006-07-28T23:00:00Z
knb-lter-bes.108.570,urn:node:LTER,2006-12-20T00:00:00Z
knb-lter-bes.109.570,urn:node:LTER,2006-12-20T00:00:00Z
knb-lter-bes.112.570,urn:node:LTER,2006-12-20T00:00:00Z
knb-lter-bes.10.570,urn:node:LTER,2006-07-28T23:00:00Z
knb-lter-bes.102.570,urn:node:LTER,2006-12-20T00:00:00Z
knb-lter-bes.103.570,urn:node:LTER,2006-12-20T00:00:00Z
knb-lter-bes.101.570,urn:node:LTER,2006-07-28T23:00:00Z
knb-lter-bes.100.570,urn:node:LTER,2006-12-20T00:00:00Z
knb-lter-bes.104.570,urn:node:LTER,2006-12-20T00:00:00Z
knb-lter-bes.105.570,urn:node:LTER,2006-12-20T00:00:00Z
knb-lter-bes.22.570,urn:node:LTER,2006-07-28T23:00:00Z
knb-lter-bes.20.570,urn:node:LTER,2006-07-28T23:00:00Z
knb-lter-bes.21.570,urn:node:LTER,2006-07-28T23:00:00Z
knb-lter-bes.71.570,urn:node:LTER,2006-07-28T23:00:00Z
knb-lter-bes.72.570,urn:node:LTER,2006-07-28T23:00:00Z
knb-lter-bes.73.570,urn:node:LTER,2006-07-28T23:00:00Z
knb-lter-bes.69.570,urn:node:LTER,2006-07-28T23:00:00Z
knb-lter-bes.74.570,urn:node:LTER,2006-07-28T23:00:00Z
knb-lter-bes.70.570,urn:node:LTER,2006-07-28T23:00:00Z
knb-lter-bes.15.570,urn:node:LTER,2006-07-28T23:00:00Z
knb-lter-bes.14.570,urn:node:LTER,2006-07-28T23:00:00Z
knb-lter-hfr.1.19,urn:node:LTER,2006-03-13T00:00:00Z
knb-lter-bes.89.570,urn:node:LTER,2006-07-28T23:00:00Z
knb-lter-bes.88.570,urn:node:LTER,2006-07-28T23:00:00Z
knb-lter-bes.94.570,urn:node:LTER,2006-07-28T23:00:00Z
knb-lter-bes.95.570,urn:node:LTER,2006-07-28T23:00:00Z
knb-lter-bes.90.570,urn:node:LTER,2006-07-28T23:00:00Z
knb-lter-bes.96.570,urn:node:LTER,2006-08-09T23:00:00Z
knb-lter-bes.97.570,urn:node:LTER,2006-08-09T23:00:00Z
knb-lter-bes.92.570,urn:node:LTER,2006-07-28T23:00:00Z
knb-lter-mcm.7013.10,urn:node:LTER,2006-03-30T00:00:00Z
knb-lter-bes.114.570,urn:node:LTER,2006-12-20T00:00:00Z
knb-lter-bes.44.570,urn:node:LTER,2006-07-28T23:00:00Z
knb-lter-bes.46.570,urn:node:LTER,2006-07-28T23:00:00Z
knb-lter-bes.4.570,urn:node:LTER,2006-01-08T00:00:00Z
knb-lter-bes.18.570,urn:node:LTER,2006-07-28T23:00:00Z
knb-lter-bes.17.570,urn:node:LTER,2006-07-28T23:00:00Z
knb-lter-bes.61.570,urn:node:LTER,2006-07-28T23:00:00Z
knb-lter-bes.62.570,urn:node:LTER,2006-07-28T23:00:00Z
knb-lter-bes.58.570,urn:node:LTER,2006-07-28T23:00:00Z
knb-lter-bes.59.570,urn:node:LTER,2006-07-28T23:00:00Z
knb-lter-bes.60.570,urn:node:LTER,2006-07-28T23:00:00Z
knb-lter-bes.24.570,urn:node:LTER,2006-07-28T23:00:00Z
knb-lter-bes.23.570,urn:node:LTER,2006-07-28T23:00:00Z
knb-lter-bes.25.570,urn:node:LTER,2006-07-28T23:00:00Z
knb-lter-bes.28.570,urn:node:LTER,2006-07-28T23:00:00Z
knb-lter-bes.63.570,urn:node:LTER,2006-07-28T23:00:00Z
knb-lter-bes.64.570,urn:node:LTER,2006-07-28T23:00:00Z
knb-lter-bes.68.570,urn:node:LTER,2006-07-28T23:00:00Z
knb-lter-bes.6.570,urn:node:LTER,2006-01-12T00:00:00Z
knb-lter-bes.65.570,urn:node:LTER,2006-07-28T23:00:00Z
knb-lter-bes.67.570,urn:node:LTER,2006-08-09T23:00:00Z
knb-lter-bes.41.570,urn:node:LTER,2006-07-28T23:00:00Z
knb-lter-bes.43.570,urn:node:LTER,2006-07-28T23:00:00Z
knb-lter-bes.42.570,urn:node:LTER,2006-07-28T23:00:00Z
knb-lter-bes.40.570,urn:node:LTER,2006-07-28T23:00:00Z
knb-lter-bes.7.570,urn:node:LTER,2006-01-12T00:00:00Z
knb-lter-bes.75.570,urn:node:LTER,2006-07-28T23:00:00Z
knb-lter-bes.76.570,urn:node:LTER,2006-07-28T23:00:00Z
knb-lter-bes.77.570,urn:node:LTER,2006-07-28T23:00:00Z
knb-lter-bes.78.570,urn:node:LTER,2006-07-28T23:00:00Z
knb-lter-bes.27.570,urn:node:LTER,2006-07-28T23:00:00Z
knb-lter-bes.29.570,urn:node:LTER,2006-07-28T23:00:00Z
knb-lter-bes.30.570,urn:node:LTER,2006-07-28T23:00:00Z
knb-lter-bes.32.570,urn:node:LTER,2006-07-28T23:00:00Z
knb-lter-bes.33.570,urn:node:LTER,2006-07-28T23:00:00Z
knb-lter-bes.31.570,urn:node:LTER,2006-07-28T23:00:00Z
knb-lter-bes.48.570,urn:node:LTER,2006-07-28T23:00:00Z
knb-lter-bes.49.570,urn:node:LTER,2006-07-28T23:00:00Z
knb-lter-bes.47.570,urn:node:LTER,2006-07-28T23:00:00Z
knb-lter-bes.51.570,urn:node:LTER,2006-07-28T23:00:00Z
knb-lter-bes.50.570,urn:node:LTER,2006-07-28T23:00:00Z
knb-lter-bes.93.570,urn:node:LTER,2006-07-28T23:00:00Z
knb-lter-bes.91.570,urn:node:LTER,2006-07-28T23:00:00Z
knb-lter-bes.9.570,urn:node:LTER,2006-01-12T00:00:00Z
knb-lter-bes.99.570,urn:node:LTER,2006-12-20T00:00:00Z
knb-lter-bes.19.570,urn:node:LTER,2006-07-28T23:00:00Z
knb-lter-bes.16.570,urn:node:LTER,2006-07-28T23:00:00Z
knb-lter-bes.45.570,urn:node:LTER,2006-07-28T23:00:00Z
knb-lter-bes.26.570,urn:node:LTER,2006-07-28T23:00:00Z
knb-lter-bes.38.570,urn:node:LTER,2006-07-28T23:00:00Z
knb-lter-bes.52.570,urn:node:LTER,2006-07-28T23:00:00Z
knb-lter-sev.12.84023,urn:node:LTER,2006-02-23T00:00:00Z
knb-lter-bes.35.570,urn:node:LTER,2006-07-28T23:00:00Z
knb-lter-bes.36.570,urn:node:LTER,2006-07-28T23:00:00Z
knb-lter-bes.34.570,urn:node:LTER,2006-07-28T23:00:00Z
knb-lter-bes.37.570,urn:node:LTER,2006-07-28T23:00:00Z
knb-lter-bes.39.570,urn:node:LTER,2006-07-28T23:00:00Z
knb-lter-bes.3.570,urn:node:LTER,2006-01-12T00:00:00Z
knb-lter-bes.54.570,urn:node:LTER,2006-07-28T23:00:00Z
knb-lter-bes.55.570,urn:node:LTER,2006-07-28T23:00:00Z
knb-lter-bes.57.570,urn:node:LTER,2006-07-28T23:00:00Z
knb-lter-bes.56.570,urn:node:LTER,2006-07-28T23:00:00Z
knb-lter-bes.53.570,urn:node:LTER,2006-07-28T23:00:00Z
knb-lter-bes.5.570,urn:node:LTER,2006-01-12T00:00:00Z
knb-lter-bes.86.570,urn:node:LTER,2006-07-28T23:00:00Z
knb-lter-bes.8.570,urn:node:LTER,2006-01-12T00:00:00Z
knb-lter-bes.84.570,urn:node:LTER,2006-07-28T23:00:00Z
knb-lter-bes.80.570,urn:node:LTER,2006-07-28T23:00:00Z
knb-lter-bes.87.570,urn:node:LTER,2006-07-28T23:00:00Z
knb-lter-bes.79.570,urn:node:LTER,2006-07-28T23:00:00Z
knb-lter-bes.82.570,urn:node:LTER,2006-07-28T23:00:00Z
knb-lter-bes.83.570,urn:node:LTER,2006-07-28T23:00:00Z
knb-lter-bes.85.570,urn:node:LTER,2006-07-28T23:00:00Z
knb-lter-bes.81.570,urn:node:LTER,2006-07-28T23:00:00Z
knb-lter-arc.10004.6,urn:node:LTER,2006-10-17T23:00:00Z
knb-lter-hfr.18.21,urn:node:LTER,2006-03-13T00:00:00Z
knb-lter-hfr.101.16,urn:node:LTER,2006-03-15T00:00:00Z
knb-lter-mcm.4003.6,urn:node:LTER,2006-05-24T23:00:00Z
knb-lter-arc.1610.6,urn:node:LTER,2006-05-08T23:00:00Z
knb-lter-mcm.9022.7,urn:node:LTER,2006-02-23T00:00:00Z
knb-lter-mcm.3001.7,urn:node:LTER,2006-04-13T23:00:00Z
knb-lter-mcm.9029.8,urn:node:LTER,2006-02-25T00:00:00Z
knb-lter-mcm.9024.8,urn:node:LTER,2006-02-23T00:00:00Z
knb-lter-mcm.9027.8,urn:node:LTER,2006-02-25T00:00:00Z
knb-lter-mcm.9023.8,urn:node:LTER,2006-02-23T00:00:00Z
knb-lter-and.4009.5,urn:node:LTER,2006-03-28T00:00:00Z
knb-lter-mcm.9016.9,urn:node:LTER,2006-02-23T00:00:00Z
knb-lter-mcm.9015.9,urn:node:LTER,2006-02-23T00:00:00Z
knb-lter-mcm.9013.8,urn:node:LTER,2006-02-23T00:00:00Z
knb-lter-mcm.9014.6,urn:node:LTER,2006-02-23T00:00:00Z
knb-lter-mcm.9012.6,urn:node:LTER,2006-02-23T00:00:00Z
knb-lter-mcm.9018.7,urn:node:LTER,2006-02-23T00:00:00Z
knb-lter-mcm.9017.8,urn:node:LTER,2006-02-23T00:00:00Z
knb-lter-mcm.9020.6,urn:node:LTER,2006-02-23T00:00:00Z
knb-lter-mcm.9019.6,urn:node:LTER,2006-02-23T00:00:00Z
knb-lter-mcm.9011.8,urn:node:LTER,2006-02-23T00:00:00Z
knb-lter-mcm.9010.7,urn:node:LTER,2006-02-23T00:00:00Z
knb-lter-mcm.9009.9,urn:node:LTER,2006-02-23T00:00:00Z
knb-lter-mcm.9008.6,urn:node:LTER,2006-02-23T00:00:00Z
knb-lter-mcm.9001.8,urn:node:LTER,2006-02-23T00:00:00Z
knb-lter-mcm.9002.9,urn:node:LTER,2006-02-23T00:00:00Z
knb-lter-mcm.9003.7,urn:node:LTER,2006-02-23T00:00:00Z
knb-lter-mcm.9004.7,urn:node:LTER,2006-02-23T00:00:00Z
knb-lter-mcm.9005.7,urn:node:LTER,2006-02-23T00:00:00Z
knb-lter-mcm.9006.8,urn:node:LTER,2006-02-23T00:00:00Z
knb-lter-hfr.103.26,urn:node:LTER,2006-03-15T00:00:00Z
knb-lter-hfr.107.22,urn:node:LTER,2006-03-15T00:00:00Z
knb-lter-vcr.104.16,urn:node:LTER,2006-01-13T00:00:00Z
knb-lter-ntl.154.11,urn:node:LTER,2006-11-28T00:00:00Z
knb-lter-ntl.155.11,urn:node:LTER,2006-11-28T00:00:00Z
knb-lter-ntl.152.10,urn:node:LTER,2006-09-12T23:00:00Z
knb-lter-ntl.153.9,urn:node:LTER,2006-09-12T23:00:00Z
knb-lter-mcm.41.8,urn:node:LTER,2006-02-23T00:00:00Z
knb-lter-ntl.150.9,urn:node:LTER,2006-11-28T00:00:00Z
knb-lter-ntl.149.11,urn:node:LTER,2006-09-12T23:00:00Z
knb-lter-ntl.148.10,urn:node:LTER,2006-09-12T23:00:00Z
knb-lter-ntl.145.9,urn:node:LTER,2006-09-12T23:00:00Z
knb-lter-ntl.151.10,urn:node:LTER,2006-09-12T23:00:00Z
knb-lter-ntl.147.9,urn:node:LTER,2006-09-12T23:00:00Z
knb-lter-vcr.146.19,urn:node:LTER,2006-02-17T00:00:00Z
knb-lter-hfr.60.14,urn:node:LTER,2006-03-14T00:00:00Z
knb-lter-hfr.26.14,urn:node:LTER,2006-03-14T00:00:00Z
knb-lter-hfr.105.16,urn:node:LTER,2006-03-15T00:00:00Z
knb-lter-vcr.148.21,urn:node:LTER,2006-04-14T23:00:00Z
knb-lter-sev.8.137545,urn:node:LTER,2006-12-06T00:00:00Z
knb-lter-sev.88.32008,urn:node:LTER,2006-04-14T23:00:00Z
knb-lter-mcm.248.4,urn:node:LTER,2006-06-09T23:00:00Z
knb-lter-hfr.104.15,urn:node:LTER,2006-03-15T00:00:00Z
knb-lter-ntl.138.11,urn:node:LTER,2006-09-12T23:00:00Z
knb-lter-ntl.139.10,urn:node:LTER,2006-09-12T23:00:00Z
knb-lter-ntl.135.11,urn:node:LTER,2006-09-12T23:00:00Z
knb-lter-ntl.160.9,urn:node:LTER,2006-11-28T00:00:00Z
knb-lter-ntl.161.10,urn:node:LTER,2006-09-12T23:00:00Z
knb-lter-ntl.156.10,urn:node:LTER,2006-11-28T00:00:00Z
knb-lter-ntl.157.9,urn:node:LTER,2006-09-12T23:00:00Z
knb-lter-ntl.159.12,urn:node:LTER,2006-09-12T23:00:00Z
knb-lter-vcr.149.14,urn:node:LTER,2006-11-22T00:00:00Z
knb-lter-ntl.175.12,urn:node:LTER,2006-11-28T00:00:00Z
knb-lter-ntl.176.9,urn:node:LTER,2006-09-12T23:00:00Z
doi:10.6073/AA/knb-lter-mcm.88.6,urn:node:LTER,2006-09-05T23:00:00Z
knb-lter-hfr.31.19,urn:node:LTER,2006-03-14T00:00:00Z
knb-lter-and.4341.23,urn:node:LTER,2006-04-24T23:00:00Z
knb-lter-ntl.133.8,urn:node:LTER,2006-11-28T00:00:00Z
knb-lter-gce.281.35,urn:node:LTER,2006-12-18T00:00:00Z
knb-lter-hfr.2.18,urn:node:LTER,2006-03-13T00:00:00Z
knb-lter-hfr.0.14,urn:node:LTER,2006-03-12T00:00:00Z
knb-lter-gce.280.24,urn:node:LTER,2006-12-18T00:00:00Z
knb-lter-hfr.4.21,urn:node:LTER,2006-03-13T00:00:00Z
knb-lter-hfr.5.20,urn:node:LTER,2006-03-13T00:00:00Z
knb-lter-hfr.3.24,urn:node:LTER,2006-03-13T00:00:00Z
knb-lter-sbc.2001.15,urn:node:LTER,2006-01-23T00:00:00Z
knb-lter-sbc.2003.11,urn:node:LTER,2006-01-23T00:00:00Z
knb-lter-sbc.1006.8,urn:node:LTER,2006-03-25T00:00:00Z
knb-lter-mcm.7007.10,urn:node:LTER,2006-03-30T00:00:00Z
knb-lter-arc.1606.8,urn:node:LTER,2006-02-19T00:00:00Z
knb-lter-arc.1602.8,urn:node:LTER,2006-02-19T00:00:00Z
knb-lter-arc.1603.9,urn:node:LTER,2006-02-19T00:00:00Z
knb-lter-arc.1604.7,urn:node:LTER,2006-02-19T00:00:00Z
knb-lter-arc.1607.9,urn:node:LTER,2006-02-19T00:00:00Z
knb-lter-arc.10006.7,urn:node:LTER,2006-11-15T00:00:00Z
knb-lter-arc.10005.7,urn:node:LTER,2006-11-15T00:00:00Z
knb-lter-arc.10008.8,urn:node:LTER,2006-11-15T00:00:00Z
knb-lter-mcm.9007.9,urn:node:LTER,2006-02-23T00:00:00Z
knb-lter-gce.279.19,urn:node:LTER,2006-09-01T23:00:00Z
knb-lter-arc.1605.7,urn:node:LTER,2006-02-26T00:00:00Z
knb-lter-mcm.4009.4,urn:node:LTER,2006-09-09T23:00:00Z
knb-lter-mcm.7003.11,urn:node:LTER,2006-03-30T00:00:00Z
knb-lter-mcm.7006.15,urn:node:LTER,2006-03-30T00:00:00Z
knb-lter-mcm.4006.5,urn:node:LTER,2006-09-08T23:00:00Z
knb-lter-mcm.7004.8,urn:node:LTER,2006-03-30T00:00:00Z
knb-lter-hfr.41.17,urn:node:LTER,2006-03-14T00:00:00Z
knb-lter-hfr.36.17,urn:node:LTER,2006-03-14T00:00:00Z
knb-lter-hfr.46.16,urn:node:LTER,2006-03-14T00:00:00Z
knb-lter-hfr.52.15,urn:node:LTER,2006-03-14T00:00:00Z
knb-lter-hfr.55.13,urn:node:LTER,2006-03-14T00:00:00Z
knb-lter-hfr.69.24,urn:node:LTER,2006-03-14T00:00:00Z
knb-lter-hfr.59.15,urn:node:LTER,2006-03-14T00:00:00Z
knb-lter-hfr.57.13,urn:node:LTER,2006-03-14T00:00:00Z
knb-lter-hfr.106.21,urn:node:LTER,2006-03-15T00:00:00Z
knb-lter-hfr.91.17,urn:node:LTER,2006-03-14T00:00:00Z
knb-lter-hfr.3.22,urn:node:LTER,2006-03-13T00:00:00Z
knb-lter-hfr.22.15,urn:node:LTER,2006-03-13T00:00:00Z
knb-lter-hfr.21.17,urn:node:LTER,2006-03-13T00:00:00Z
knb-lter-hfr.47.15,urn:node:LTER,2006-03-14T00:00:00Z
knb-lter-hfr.6.19,urn:node:LTER,2006-03-13T00:00:00Z
knb-lter-hfr.56.13,urn:node:LTER,2006-03-14T00:00:00Z
knb-lter-hfr.71.17,urn:node:LTER,2006-03-14T00:00:00Z
knb-lter-hfr.11.17,urn:node:LTER,2006-03-13T00:00:00Z
knb-lter-hfr.12.17,urn:node:LTER,2006-03-13T00:00:00Z
knb-lter-mcm.60.12,urn:node:LTER,2006-02-23T00:00:00Z
knb-lter-hfr.108.28,urn:node:LTER,2006-03-15T00:00:00Z
knb-lter-hfr.102.18,urn:node:LTER,2006-03-15T00:00:00Z
knb-lter-gce.289.22,urn:node:LTER,2006-12-25T00:00:00Z
knb-lter-gce.286.22,urn:node:LTER,2006-12-25T00:00:00Z
knb-lter-gce.283.22,urn:node:LTER,2006-12-25T00:00:00Z
knb-lter-hfr.53.15,urn:node:LTER,2006-03-14T00:00:00Z
knb-lter-gce.285.22,urn:node:LTER,2006-12-25T00:00:00Z
knb-lter-gce.287.22,urn:node:LTER,2006-12-25T00:00:00Z
knb-lter-gce.288.22,urn:node:LTER,2006-12-25T00:00:00Z
knb-lter-mcm.7010.8,urn:node:LTER,2006-03-30T00:00:00Z
knb-lter-mcm.44.6,urn:node:LTER,2006-02-23T00:00:00Z
knb-lter-mcm.250.4,urn:node:LTER,2006-06-09T23:00:00Z
knb-lter-hfr.72.21,urn:node:LTER,2006-03-14T00:00:00Z
knb-lter-hfr.66.19,urn:node:LTER,2006-03-14T00:00:00Z
knb-lter-hfr.83.18,urn:node:LTER,2006-03-14T00:00:00Z
knb-lter-hfr.67.17,urn:node:LTER,2006-03-14T00:00:00Z
knb-lter-hfr.79.15,urn:node:LTER,2006-03-14T00:00:00Z
knb-lter-gce.282.23,urn:node:LTER,2006-12-25T00:00:00Z
knb-lter-gce.284.22,urn:node:LTER,2006-12-25T00:00:00Z
knb-lter-bes.106.570,urn:node:LTER,2006-12-20T00:00:00Z
doi:10.6073/AA/knb-lter-nin.22657.4,urn:node:LTER,2006-11-21T00:00:00Z
doi:10.6073/AA/knb-lter-mcm.34.2,urn:node:LTER,2006-02-23T00:00:00Z
doi:10.6073/AA/knb-lter-fce.172.5,urn:node:LTER,2006-01-15T00:00:00Z
doi:10.6073/AA/knb-lter-fce.219.6,urn:node:LTER,2006-01-27T00:00:00Z
doi:10.6073/AA/knb-lter-mcm.237.3,urn:node:LTER,2006-06-09T23:00:00Z
doi:10.6073/AA/knb-lter-nin.22246.4,urn:node:LTER,2006-11-21T00:00:00Z
doi:10.6073/AA/knb-lter-nin.10500.4,urn:node:LTER,2006-11-21T00:00:00Z
doi:10.6073/AA/knb-lter-nin.4465.4,urn:node:LTER,2006-11-21T00:00:00Z
doi:10.6073/AA/knb-lter-nin.42322.4,urn:node:LTER,2006-11-21T00:00:00Z
doi:10.6073/AA/knb-lter-fce.222.6,urn:node:LTER,2006-01-26T00:00:00Z
doi:10.6073/AA/knb-lter-fce.185.5,urn:node:LTER,2006-01-25T00:00:00Z
doi:10.6073/AA/knb-lter-mcm.235.3,urn:node:LTER,2006-06-09T23:00:00Z
doi:10.6073/AA/knb-lter-fce.225.6,urn:node:LTER,2006-01-26T00:00:00Z
doi:10.6073/AA/knb-lter-nin.34360.4,urn:node:LTER,2006-11-21T00:00:00Z
doi:10.6073/AA/knb-lter-fce.202.5,urn:node:LTER,2006-01-25T00:00:00Z
doi:10.6073/AA/knb-lter-fce.269.6,urn:node:LTER,2006-02-22T00:00:00Z
doi:10.6073/AA/knb-lter-fce.242.5,urn:node:LTER,2006-02-01T00:00:00Z
doi:10.6073/AA/knb-lter-nin.14123.4,urn:node:LTER,2006-11-21T00:00:00Z
doi:10.6073/AA/knb-lter-nin.12131.4,urn:node:LTER,2006-11-21T00:00:00Z
doi:10.6073/AA/knb-lter-fce.261.5,urn:node:LTER,2006-02-02T00:00:00Z
doi:10.6073/AA/knb-lter-nin.2081.4,urn:node:LTER,2006-11-29T00:00:00Z
doi:10.6073/AA/knb-lter-fce.249.5,urn:node:LTER,2006-02-01T00:00:00Z
doi:10.6073/AA/knb-lter-fce.198.5,urn:node:LTER,2006-01-25T00:00:00Z
knb-lter-mcr.5.22,urn:node:LTER,2006-09-26T23:00:00Z
doi:10.6073/AA/knb-lter-mcm.25.3,urn:node:LTER,2006-02-23T00:00:00Z
knb-lter-hfr.95.15,urn:node:LTER,2006-03-14T00:00:00Z
knb-lter-hfr.89.14,urn:node:LTER,2006-03-14T00:00:00Z
knb-lter-hfr.92.13,urn:node:LTER,2006-03-14T00:00:00Z
doi:10.6073/AA/knb-lter-nin.26392.4,urn:node:LTER,2006-11-21T00:00:00Z
doi:10.6073/AA/knb-lter-nin.10015.4,urn:node:LTER,2006-11-29T00:00:00Z
doi:10.6073/AA/knb-lter-nin.38339.4,urn:node:LTER,2006-11-21T00:00:00Z
doi:10.6073/AA/knb-lter-sev.399.1,urn:node:LTER,2006-11-29T00:00:00Z
doi:10.6073/AA/knb-lter-nin.10720.4,urn:node:LTER,2006-11-21T00:00:00Z
doi:10.6073/AA/knb-lter-fce.162.5,urn:node:LTER,2006-01-15T00:00:00Z
doi:10.6073/AA/knb-lter-fce.188.5,urn:node:LTER,2006-01-25T00:00:00Z
doi:10.6073/AA/knb-lter-nin.2672.4,urn:node:LTER,2006-11-21T00:00:00Z
doi:10.6073/AA/knb-lter-nin.4173.4,urn:node:LTER,2006-11-21T00:00:00Z
doi:10.6073/AA/knb-lter-fce.189.5,urn:node:LTER,2006-01-25T00:00:00Z
doi:10.6073/AA/knb-lter-fce.260.5,urn:node:LTER,2006-02-02T00:00:00Z
doi:10.6073/AA/knb-lter-nin.18265.4,urn:node:LTER,2006-11-21T00:00:00Z
doi:10.6073/AA/knb-lter-mcm.10.2,urn:node:LTER,2006-02-23T00:00:00Z
doi:10.6073/AA/knb-lter-nin.18484.4,urn:node:LTER,2006-11-21T00:00:00Z
doi:10.6073/AA/knb-lter-fce.226.6,urn:node:LTER,2006-01-26T00:00:00Z
knb-lter-mcm.29.4,urn:node:LTER,2006-02-23T00:00:00Z
knb-lter-mcm.32.3,urn:node:LTER,2006-02-24T00:00:00Z
knb-lter-mcm.3.3,urn:node:LTER,2006-02-23T00:00:00Z
knb-lter-mcm.49.4,urn:node:LTER,2006-02-23T00:00:00Z
knb-lter-mcm.48.6,urn:node:LTER,2006-02-23T00:00:00Z
knb-lter-mcm.61.7,urn:node:LTER,2006-02-23T00:00:00Z
knb-lter-mcm.66.4,urn:node:LTER,2006-02-23T00:00:00Z
knb-lter-mcm.68.5,urn:node:LTER,2006-02-23T00:00:00Z
knb-lter-mcm.7015.8,urn:node:LTER,2006-03-30T00:00:00Z
knb-lter-mcm.67.8,urn:node:LTER,2006-02-23T00:00:00Z
knb-lter-mcm.43.5,urn:node:LTER,2006-02-23T00:00:00Z
knb-lter-mcm.62.9,urn:node:LTER,2006-02-23T00:00:00Z
doi:10.6073/AA/knb-lter-nin.12201.4,urn:node:LTER,2006-11-22T00:00:00Z
knb-lter-mcm.7005.9,urn:node:LTER,2006-03-30T00:00:00Z
knb-lter-mcm.2.6,urn:node:LTER,2006-02-23T00:00:00Z
knb-lter-mcm.57.9,urn:node:LTER,2006-02-23T00:00:00Z
knb-lter-mcm.58.5,urn:node:LTER,2006-02-23T00:00:00Z
knb-lter-mcm.63.6,urn:node:LTER,2006-02-23T00:00:00Z
knb-lter-mcm.64.4,urn:node:LTER,2006-02-23T00:00:00Z
knb-lter-mcm.7009.6,urn:node:LTER,2006-03-30T00:00:00Z
knb-lter-mcm.7011.9,urn:node:LTER,2006-03-30T00:00:00Z
knb-lter-mcm.7016.8,urn:node:LTER,2006-03-30T00:00:00Z
doi:10.6073/AA/knb-lter-nin.19955.4,urn:node:LTER,2006-11-29T00:00:00Z
doi:10.6073/AA/knb-lter-mcm.7001.2,urn:node:LTER,2006-03-30T00:00:00Z
knb-lter-mcm.38.4,urn:node:LTER,2006-02-23T00:00:00Z
knb-lter-mcm.4002.6,urn:node:LTER,2006-05-22T23:00:00Z
knb-lter-mcm.39.6,urn:node:LTER,2006-02-23T00:00:00Z
knb-lter-mcm.4005.6,urn:node:LTER,2006-09-07T23:00:00Z
knb-lter-mcm.42.6,urn:node:LTER,2006-02-23T00:00:00Z
knb-lter-mcm.40.4,urn:node:LTER,2006-02-23T00:00:00Z
knb-lter-mcm.56.9,urn:node:LTER,2006-02-23T00:00:00Z
knb-lter-mcm.7002.11,urn:node:LTER,2006-03-30T00:00:00Z
doi:10.6073/AA/knb-lter-fce.201.5,urn:node:LTER,2006-01-25T00:00:00Z
knb-lter-mcm.9026.4,urn:node:LTER,2006-02-23T00:00:00Z
doi:10.6073/AA/knb-lter-mcm.257.3,urn:node:LTER,2006-06-09T23:00:00Z
knb-lter-mcm.9021.6,urn:node:LTER,2006-02-23T00:00:00Z
knb-lter-mcm.9025.4,urn:node:LTER,2006-02-23T00:00:00Z
doi:10.6073/AA/knb-lter-fce.240.5,urn:node:LTER,2006-02-01T00:00:00Z
doi:10.6073/AA/knb-lter-mcm.229.3,urn:node:LTER,2006-06-09T23:00:00Z
doi:10.6073/AA/knb-lter-nin.22413.4,urn:node:LTER,2006-11-21T00:00:00Z
doi:10.6073/AA/knb-lter-fce.147.5,urn:node:LTER,2006-01-20T00:00:00Z
doi:10.6073/AA/knb-lter-fce.244.5,urn:node:LTER,2006-02-01T00:00:00Z
doi:10.6073/AA/knb-lter-nin.2482.5,urn:node:LTER,2006-11-21T00:00:00Z
doi:10.6073/AA/knb-lter-nin.22447.4,urn:node:LTER,2006-11-21T00:00:00Z
doi:10.6073/AA/knb-lter-mcm.78.4,urn:node:LTER,2006-07-07T23:00:00Z
doi:10.6073/AA/knb-lter-nin.18438.4,urn:node:LTER,2006-11-21T00:00:00Z
doi:10.6073/AA/knb-lter-knz.6.6,urn:node:LTER,2006-09-07T23:00:00Z
knb-lter-bes.66.56,urn:node:LTER,2006-07-28T23:00:00Z
doi:10.6073/AA/knb-lter-nin.6537.4,urn:node:LTER,2006-11-21T00:00:00Z
doi:10.6073/AA/knb-lter-mcm.258.3,urn:node:LTER,2006-06-09T23:00:00Z
doi:10.6073/AA/knb-lter-nin.17965.4,urn:node:LTER,2006-11-29T00:00:00Z
doi:10.6073/AA/knb-lter-nin.8150.4,urn:node:LTER,2006-11-21T00:00:00Z
doi:10.6073/AA/knb-lter-nin.8330.4,urn:node:LTER,2006-11-21T00:00:00Z
doi:10.6073/AA/knb-lter-mcm.242.3,urn:node:LTER,2006-06-09T23:00:00Z
doi:10.6073/AA/knb-lter-fce.169.5,urn:node:LTER,2006-01-15T00:00:00Z
doi:10.6073/AA/knb-lter-fce.161.6,urn:node:LTER,2006-01-15T00:00:00Z
doi:10.6073/AA/knb-lter-nin.12407.4,urn:node:LTER,2006-11-21T00:00:00Z
doi:10.6073/AA/knb-lter-mcm.2004.2,urn:node:LTER,2006-03-29T00:00:00Z
doi:10.6073/AA/knb-lter-fce.158.5,urn:node:LTER,2006-01-15T00:00:00Z
doi:10.6073/AA/knb-lter-nin.20425.4,urn:node:LTER,2006-11-21T00:00:00Z
doi:10.6073/AA/knb-lter-fce.200.5,urn:node:LTER,2006-01-25T00:00:00Z
doi:10.6073/AA/knb-lter-fce.239.5,urn:node:LTER,2006-01-27T00:00:00Z
doi:10.6073/AA/knb-lter-mcm.228.3,urn:node:LTER,2006-06-09T23:00:00Z
doi:10.6073/AA/knb-lter-fce.237.5,urn:node:LTER,2006-01-27T00:00:00Z
doi:10.6073/AA/knb-lter-nin.6619.4,urn:node:LTER,2006-11-21T00:00:00Z
doi:10.6073/AA/knb-lter-mcm.2002.3,urn:node:LTER,2006-03-29T00:00:00Z
doi:10.6073/AA/knb-lter-fce.247.5,urn:node:LTER,2006-02-01T00:00:00Z
doi:10.6073/AA/knb-lter-fce.257.5,urn:node:LTER,2006-02-02T00:00:00Z
doi:10.6073/AA/knb-lter-mcm.236.3,urn:node:LTER,2006-06-09T23:00:00Z
doi:10.6073/AA/knb-lter-mcm.72.3,urn:node:LTER,2006-02-23T00:00:00Z
doi:10.6073/AA/knb-lter-fce.145.5,urn:node:LTER,2006-01-20T00:00:00Z
doi:10.6073/AA/knb-lter-fce.176.5,urn:node:LTER,2006-01-27T00:00:00Z
doi:10.6073/AA/knb-lter-nin.20665.4,urn:node:LTER,2006-11-21T00:00:00Z
doi:10.6073/AA/knb-lter-fce.232.6,urn:node:LTER,2006-01-26T00:00:00Z
doi:10.6073/AA/knb-lter-nin.4363.4,urn:node:LTER,2006-11-21T00:00:00Z
doi:10.6073/AA/knb-lter-fce.183.5,urn:node:LTER,2006-01-24T00:00:00Z
doi:10.6073/AA/knb-lter-mcm.45.3,urn:node:LTER,2006-02-23T00:00:00Z
doi:10.6073/AA/knb-lter-fce.245.5,urn:node:LTER,2006-02-01T00:00:00Z
doi:10.6073/AA/knb-lter-mcm.71.3,urn:node:LTER,2006-02-23T00:00:00Z
doi:10.6073/AA/knb-lter-nin.12707.4,urn:node:LTER,2006-11-21T00:00:00Z
doi:10.6073/AA/knb-lter-mcm.251.3,urn:node:LTER,2006-06-09T23:00:00Z
knb-lter-arc.10007.7,urn:node:LTER,2006-11-15T00:00:00Z
doi:10.6073/AA/knb-lter-and.4338.3,urn:node:LTER,2006-07-18T23:00:00Z
doi:10.6073/AA/knb-lter-and.3989.3,urn:node:LTER,2006-03-28T00:00:00Z
doi:10.6073/AA/knb-lter-mcm.24.3,urn:node:LTER,2006-02-23T00:00:00Z
doi:10.6073/AA/knb-lter-fce.259.5,urn:node:LTER,2006-02-02T00:00:00Z
doi:10.6073/AA/knb-lter-fce.258.5,urn:node:LTER,2006-02-02T00:00:00Z
doi:10.6073/AA/knb-lter-nin.14288.4,urn:node:LTER,2006-11-21T00:00:00Z
doi:10.6073/AA/knb-lter-fce.231.6,urn:node:LTER,2006-01-26T00:00:00Z
doi:10.6073/AA/knb-lter-mcm.234.3,urn:node:LTER,2006-06-09T23:00:00Z
doi:10.6073/AA/knb-lter-and.4336.3,urn:node:LTER,2006-05-22T23:00:00Z
doi:10.6073/AA/knb-lter-fce.206.5,urn:node:LTER,2006-01-25T00:00:00Z
doi:10.6073/AA/knb-lter-nin.8434.4,urn:node:LTER,2006-11-21T00:00:00Z
doi:10.6073/AA/knb-lter-fce.191.5,urn:node:LTER,2006-01-25T00:00:00Z
doi:10.6073/AA/knb-lter-mcm.247.3,urn:node:LTER,2006-06-09T23:00:00Z
doi:10.6073/AA/knb-lter-mcm.14.2,urn:node:LTER,2006-02-23T00:00:00Z
doi:10.6073/AA/knb-lter-nin.4645.4,urn:node:LTER,2006-11-21T00:00:00Z
doi:10.6073/AA/knb-lter-mcm.22.2,urn:node:LTER,2006-02-23T00:00:00Z
doi:10.6073/AA/knb-lter-nin.14188.4,urn:node:LTER,2006-11-22T00:00:00Z
doi:10.6073/AA/knb-lter-nin.24430.4,urn:node:LTER,2006-11-21T00:00:00Z
doi:10.6073/AA/knb-lter-mcm.50.3,urn:node:LTER,2006-02-23T00:00:00Z
doi:10.6073/AA/knb-lter-fce.167.5,urn:node:LTER,2006-01-15T00:00:00Z
doi:10.6073/AA/knb-lter-nin.16276.4,urn:node:LTER,2006-11-21T00:00:00Z
doi:10.6073/AA/knb-lter-mcm.37.2,urn:node:LTER,2006-02-23T00:00:00Z
doi:10.6073/AA/knb-lter-mcm.253.3,urn:node:LTER,2006-06-09T23:00:00Z
doi:10.6073/AA/knb-lter-nin.10215.4,urn:node:LTER,2006-11-22T00:00:00Z
doi:10.6073/AA/knb-lter-nin.36349.4,urn:node:LTER,2006-11-21T00:00:00Z
doi:10.6073/AA/knb-lter-fce.221.6,urn:node:LTER,2006-01-26T00:00:00Z
doi:10.6073/AA/knb-lter-mcm.246.3,urn:node:LTER,2006-06-09T23:00:00Z
doi:10.6073/AA/knb-lter-fce.142.6,urn:node:LTER,2006-01-21T00:00:00Z
doi:10.6073/AA/knb-lter-fce.171.5,urn:node:LTER,2006-01-15T00:00:00Z
doi:10.6073/AA/knb-lter-fce.187.5,urn:node:LTER,2006-01-25T00:00:00Z
doi:10.6073/AA/knb-lter-fce.157.5,urn:node:LTER,2006-01-15T00:00:00Z
knb-lter-hfr.58.14,urn:node:LTER,2006-03-14T00:00:00Z
doi:10.6073/AA/knb-lter-mcm.6.2,urn:node:LTER,2006-02-23T00:00:00Z
knb-lter-arc.1608.3,urn:node:LTER,2006-02-19T00:00:00Z
doi:10.6073/AA/knb-lter-mcm.231.3,urn:node:LTER,2006-06-09T23:00:00Z
doi:10.6073/AA/knb-lter-nin.24138.4,urn:node:LTER,2006-11-22T00:00:00Z
knb-lter-hfr.62.15,urn:node:LTER,2006-03-14T00:00:00Z
knb-lter-hfr.63.17,urn:node:LTER,2006-03-14T00:00:00Z
doi:10.6073/AA/knb-lter-nin.18674.4,urn:node:LTER,2006-11-21T00:00:00Z
doi:10.6073/AA/knb-lter-nin.16504.4,urn:node:LTER,2006-11-21T00:00:00Z
doi:10.6073/AA/knb-lter-fce.256.5,urn:node:LTER,2006-02-02T00:00:00Z
knb-lter-hfr.78.15,urn:node:LTER,2006-03-14T00:00:00Z
knb-lter-hfr.77.14,urn:node:LTER,2006-03-14T00:00:00Z
doi:10.6073/AA/knb-lter-fce.263.5,urn:node:LTER,2006-02-05T00:00:00Z
knb-lter-hfr.51.16,urn:node:LTER,2006-03-14T00:00:00Z
knb-lter-hfr.65.16,urn:node:LTER,2006-03-14T00:00:00Z
doi:10.6073/AA/knb-lter-nin.21946.4,urn:node:LTER,2006-11-29T00:00:00Z
knb-lter-hfr.73.15,urn:node:LTER,2006-03-14T00:00:00Z
doi:10.6073/AA/knb-lter-nin.18374.4,urn:node:LTER,2006-11-21T00:00:00Z
knb-lter-hfr.82.14,urn:node:LTER,2006-03-14T00:00:00Z
knb-lter-hfr.81.15,urn:node:LTER,2006-03-14T00:00:00Z
knb-lter-hfr.74.14,urn:node:LTER,2006-03-14T00:00:00Z
knb-lter-hfr.84.15,urn:node:LTER,2006-03-14T00:00:00Z
knb-lter-hfr.85.14,urn:node:LTER,2006-03-14T00:00:00Z
doi:10.6073/AA/knb-lter-mcm.69.3,urn:node:LTER,2006-02-23T00:00:00Z
doi:10.6073/AA/knb-lter-fce.228.6,urn:node:LTER,2006-01-26T00:00:00Z
doi:10.6073/AA/knb-lter-mcm.232.3,urn:node:LTER,2006-06-09T23:00:00Z
doi:10.6073/AA/knb-lter-nin.28383.4,urn:node:LTER,2006-11-21T00:00:00Z
doi:10.6073/AA/knb-lter-fce.252.5,urn:node:LTER,2006-02-01T00:00:00Z
doi:10.6073/AA/knb-lter-nin.10570.4,urn:node:LTER,2006-11-21T00:00:00Z
doi:10.6073/AA/knb-lter-nin.4557.4,urn:node:LTER,2006-11-21T00:00:00Z
doi:10.6073/AA/knb-lter-nin.24402.4,urn:node:LTER,2006-11-21T00:00:00Z
doi:10.6073/AA/knb-lter-mcm.15.2,urn:node:LTER,2006-02-23T00:00:00Z
doi:10.6073/AA/knb-lter-nin.8734.4,urn:node:LTER,2006-11-21T00:00:00Z
doi:10.6073/AA/knb-lter-fce.159.5,urn:node:LTER,2006-01-15T00:00:00Z
doi:10.6073/AA/knb-lter-fce.220.6,urn:node:LTER,2006-01-26T00:00:00Z
doi:10.6073/AA/knb-lter-nin.23938.4,urn:node:LTER,2006-11-29T00:00:00Z
doi:10.6073/AA/knb-lter-mcm.259.3,urn:node:LTER,2006-06-09T23:00:00Z
doi:10.6073/AA/knb-lter-nin.8518.4,urn:node:LTER,2006-11-21T00:00:00Z
doi:10.6073/AA/knb-lter-fce.197.5,urn:node:LTER,2006-01-25T00:00:00Z
doi:10.6073/AA/knb-lter-mcm.243.3,urn:node:LTER,2006-06-09T23:00:00Z
doi:10.6073/AA/knb-lter-nin.32372.4,urn:node:LTER,2006-11-21T00:00:00Z
doi:10.6073/AA/knb-lter-fce.233.6,urn:node:LTER,2006-01-26T00:00:00Z
doi:10.6073/AA/knb-lter-mcm.5.2,urn:node:LTER,2006-02-23T00:00:00Z
doi:10.6073/AA/knb-lter-fce.174.5,urn:node:LTER,2006-01-20T00:00:00Z
doi:10.6073/AA/knb-lter-fce.156.5,urn:node:LTER,2006-01-15T00:00:00Z
doi:10.6073/AA/knb-lter-nin.20465.4,urn:node:LTER,2006-11-21T00:00:00Z
doi:10.6073/AA/knb-lter-fce.250.5,urn:node:LTER,2006-02-01T00:00:00Z
doi:10.6073/AA/knb-lter-fce.143.6,urn:node:LTER,2006-01-21T00:00:00Z
doi:10.6073/AA/knb-lter-fce.177.5,urn:node:LTER,2006-01-21T00:00:00Z
doi:10.6073/AA/knb-lter-nin.10140.4,urn:node:LTER,2006-11-21T00:00:00Z
doi:10.6073/AA/knb-lter-fce.205.5,urn:node:LTER,2006-01-25T00:00:00Z
doi:10.6073/AA/knb-lter-fce.181.5,urn:node:LTER,2006-01-24T00:00:00Z
doi:10.6073/AA/knb-lter-fce.155.5,urn:node:LTER,2006-01-15T00:00:00Z
doi:10.6073/AA/knb-lter-nin.16684.4,urn:node:LTER,2006-11-21T00:00:00Z
doi:10.6073/AA/knb-lter-mcm.233.3,urn:node:LTER,2006-06-09T23:00:00Z
doi:10.6073/AA/knb-lter-fce.241.5,urn:node:LTER,2006-02-01T00:00:00Z
doi:10.6073/AA/knb-lter-fce.141.6,urn:node:LTER,2006-01-21T00:00:00Z
doi:10.6073/AA/knb-lter-mcm.8.2,urn:node:LTER,2006-02-23T00:00:00Z
doi:10.6073/AA/knb-lter-nin.6246.4,urn:node:LTER,2006-11-22T00:00:00Z
doi:10.6073/AA/knb-lter-nin.20255.4,urn:node:LTER,2006-11-21T00:00:00Z
doi:10.6073/AA/knb-lter-fce.274.6,urn:node:LTER,2006-09-06T23:00:00Z
doi:10.6073/AA/knb-lter-fce.275.6,urn:node:LTER,2006-09-06T23:00:00Z
doi:10.6073/AA/knb-lter-nin.20365.4,urn:node:LTER,2006-11-21T00:00:00Z
doi:10.6073/AA/knb-lter-nin.28399.4,urn:node:LTER,2006-11-21T00:00:00Z
doi:10.6073/AA/knb-lter-nin.12483.4,urn:node:LTER,2006-11-21T00:00:00Z
doi:10.6073/AA/knb-lter-fce.170.5,urn:node:LTER,2006-01-15T00:00:00Z
doi:10.6073/AA/knb-lter-nin.12001.4,urn:node:LTER,2006-11-29T00:00:00Z
doi:10.6073/AA/knb-lter-fce.265.6,urn:node:LTER,2006-02-15T00:00:00Z
doi:10.6073/AA/knb-lter-mcm.18.2,urn:node:LTER,2006-02-23T00:00:00Z
doi:10.6073/AA/knb-lter-fce.182.5,urn:node:LTER,2006-01-24T00:00:00Z
doi:10.6073/AA/knb-lter-mcm.33.2,urn:node:LTER,2006-02-23T00:00:00Z
doi:10.6073/AA/knb-lter-mcm.65.3,urn:node:LTER,2006-02-23T00:00:00Z
doi:10.6073/AA/knb-lter-fce.253.5,urn:node:LTER,2006-02-01T00:00:00Z
doi:10.6073/AA/knb-lter-fce.270.6,urn:node:LTER,2006-02-22T00:00:00Z
doi:10.6073/AA/knb-lter-fce.203.5,urn:node:LTER,2006-01-25T00:00:00Z
doi:10.6073/AA/knb-lter-fce.248.5,urn:node:LTER,2006-02-01T00:00:00Z
doi:10.6073/AA/knb-lter-mcm.4.2,urn:node:LTER,2006-02-23T00:00:00Z
knb-lter-vcr.147.22,urn:node:LTER,2006-04-23T23:00:00Z
doi:10.6073/AA/knb-lter-mcm.224.3,urn:node:LTER,2006-06-09T23:00:00Z
doi:10.6073/AA/knb-lter-nin.12547.4,urn:node:LTER,2006-11-21T00:00:00Z
doi:10.6073/AA/knb-lter-fce.178.5,urn:node:LTER,2006-01-21T00:00:00Z
doi:10.6073/AA/knb-lter-mcm.9.3,urn:node:LTER,2006-02-23T00:00:00Z
doi:10.6073/AA/knb-lter-fce.262.5,urn:node:LTER,2006-02-04T00:00:00Z
doi:10.6073/AA/knb-lter-nin.20155.4,urn:node:LTER,2006-11-22T00:00:00Z
doi:10.6073/AA/knb-lter-nin.4765.4,urn:node:LTER,2006-11-21T00:00:00Z
knb-lter-vcr.121.17,urn:node:LTER,2006-02-03T00:00:00Z
doi:10.6073/AA/knb-lter-fce.273.6,urn:node:LTER,2006-09-06T23:00:00Z
doi:10.6073/AA/knb-lter-fce.154.5,urn:node:LTER,2006-01-15T00:00:00Z
doi:10.6073/AA/knb-lter-mcm.7000.2,urn:node:LTER,2006-03-30T00:00:00Z
doi:10.6073/AA/knb-lter-fce.229.6,urn:node:LTER,2006-01-26T00:00:00Z
doi:10.6073/AA/knb-lter-mcm.54.3,urn:node:LTER,2006-02-23T00:00:00Z
knb-lter-bes.111.570,urn:node:LTER,2006-12-20T00:00:00Z
doi:10.6073/AA/knb-lter-fce.204.5,urn:node:LTER,2006-01-25T00:00:00Z
doi:10.6073/AA/knb-lter-fce.251.5,urn:node:LTER,2006-02-01T00:00:00Z
doi:10.6073/AA/knb-lter-fce.243.5,urn:node:LTER,2006-02-01T00:00:00Z
doi:10.6073/AA/knb-lter-fce.254.5,urn:node:LTER,2006-02-01T00:00:00Z
doi:10.6073/AA/knb-lter-fce.180.5,urn:node:LTER,2006-01-24T00:00:00Z
doi:10.6073/AA/knb-lter-fce.173.5,urn:node:LTER,2006-01-15T00:00:00Z
doi:10.6073/AA/knb-lter-nin.40330.4,urn:node:LTER,2006-11-21T00:00:00Z
doi:10.6073/AA/knb-lter-nin.13988.4,urn:node:LTER,2006-11-29T00:00:00Z
doi:10.6073/AA/knb-lter-mcm.4008.2,urn:node:LTER,2006-09-09T23:00:00Z
doi:10.6073/AA/knb-lter-mcm.241.3,urn:node:LTER,2006-06-09T23:00:00Z
doi:10.6073/AA/knb-lter-nin.16176.4,urn:node:LTER,2006-11-22T00:00:00Z
knb-lter-hfr.100.13,urn:node:LTER,2006-03-15T00:00:00Z
doi:10.6073/AA/knb-lter-and.4012.5,urn:node:LTER,2006-05-08T23:00:00Z
doi:10.6073/AA/knb-lter-nin.6046.4,urn:node:LTER,2006-11-29T00:00:00Z
doi:10.6073/AA/knb-lter-fce.186.5,urn:node:LTER,2006-01-25T00:00:00Z
doi:10.6073/AA/knb-lter-fce.196.5,urn:node:LTER,2006-01-25T00:00:00Z
knb-lter-hfr.30.14,urn:node:LTER,2006-03-14T00:00:00Z
knb-lter-hfr.76.14,urn:node:LTER,2006-03-14T00:00:00Z
knb-lter-hfr.93.15,urn:node:LTER,2006-03-14T00:00:00Z
knb-lter-hfr.75.13,urn:node:LTER,2006-03-14T00:00:00Z
knb-lter-hfr.94.14,urn:node:LTER,2006-03-14T00:00:00Z
knb-lter-hfr.50.15,urn:node:LTER,2006-03-14T00:00:00Z
knb-lter-hfr.9.13,urn:node:LTER,2006-03-13T00:00:00Z
doi:10.6073/AA/knb-lter-fce.246.5,urn:node:LTER,2006-02-01T00:00:00Z
doi:10.6073/AA/knb-lter-nin.6346.4,urn:node:LTER,2006-11-21T00:00:00Z
doi:10.6073/AA/knb-lter-mcm.255.3,urn:node:LTER,2006-06-09T23:00:00Z
doi:10.6073/AA/knb-lter-fce.264.5,urn:node:LTER,2006-02-08T00:00:00Z
knb-lter-mcm.30.3,urn:node:LTER,2006-02-23T00:00:00Z
knb-lter-mcm.36.3,urn:node:LTER,2006-02-23T00:00:00Z
knb-lter-mcm.7012.8,urn:node:LTER,2006-03-30T00:00:00Z
knb-lter-mcm.7014.7,urn:node:LTER,2006-03-30T00:00:00Z
doi:10.6073/AA/knb-lter-mcm.31.2,urn:node:LTER,2006-02-23T00:00:00Z
knb-lter-mcm.240.4,urn:node:LTER,2006-06-09T23:00:00Z
doi:10.6073/AA/knb-lter-mcm.230.3,urn:node:LTER,2006-06-09T23:00:00Z
doi:10.6073/AA/knb-lter-nin.16452.4,urn:node:LTER,2006-11-21T00:00:00Z
knb-lter-hfr.13.15,urn:node:LTER,2006-03-13T00:00:00Z
knb-lter-sbc.21.15,urn:node:LTER,2006-01-16T00:00:00Z
doi:10.6073/AA/knb-lter-fce.151.5,urn:node:LTER,2006-01-15T00:00:00Z
doi:10.6073/AA/knb-lter-fce.268.6,urn:node:LTER,2006-02-22T00:00:00Z
doi:10.6073/AA/knb-lter-nin.6449.4,urn:node:LTER,2006-11-21T00:00:00Z
doi:10.6073/AA/knb-lter-fce.146.5,urn:node:LTER,2006-01-20T00:00:00Z
doi:10.6073/AA/knb-lter-mcm.26.2,urn:node:LTER,2006-02-23T00:00:00Z
doi:10.6073/AA/knb-lter-nin.14695.4,urn:node:LTER,2006-11-21T00:00:00Z
doi:10.6073/AA/knb-lter-mcm.17.2,urn:node:LTER,2006-02-23T00:00:00Z
doi:10.6073/AA/knb-lter-nin.2782.4,urn:node:LTER,2006-11-21T00:00:00Z
doi:10.6073/AA/knb-lter-and.4339.4,urn:node:LTER,2006-05-22T23:00:00Z
doi:10.6073/AA/knb-lter-fce.223.6,urn:node:LTER,2006-01-26T00:00:00Z
doi:10.6073/AA/knb-lter-nin.16384.4,urn:node:LTER,2006-11-21T00:00:00Z
knb-lter-hfr.19.13,urn:node:LTER,2006-03-13T00:00:00Z
knb-lter-hfr.14.14,urn:node:LTER,2006-03-13T00:00:00Z
knb-lter-hfr.37.15,urn:node:LTER,2006-03-14T00:00:00Z
knb-lter-hfr.35.16,urn:node:LTER,2006-03-14T00:00:00Z
knb-lter-hfr.34.15,urn:node:LTER,2006-03-14T00:00:00Z
knb-lter-hfr.28.14,urn:node:LTER,2006-03-14T00:00:00Z
doi:10.6073/AA/knb-lter-fce.227.6,urn:node:LTER,2006-01-26T00:00:00Z
knb-lter-hfr.27.12,urn:node:LTER,2006-03-14T00:00:00Z
knb-lter-hfr.29.17,urn:node:LTER,2006-03-14T00:00:00Z
knb-lter-hfr.39.14,urn:node:LTER,2006-03-14T00:00:00Z
knb-lter-hfr.33.15,urn:node:LTER,2006-03-14T00:00:00Z
doi:10.6073/AA/knb-lter-fce.230.6,urn:node:LTER,2006-01-26T00:00:00Z
doi:10.6073/AA/knb-lter-fce.224.6,urn:node:LTER,2006-01-26T00:00:00Z
doi:10.6073/AA/knb-lter-mcm.238.3,urn:node:LTER,2006-06-09T23:00:00Z
knb-lter-mcm.2005.5,urn:node:LTER,2006-03-29T00:00:00Z
knb-lter-mcm.20.5,urn:node:LTER,2006-02-24T00:00:00Z
knb-lter-mcm.2015.4,urn:node:LTER,2006-10-11T23:00:00Z
knb-lter-mcm.223.4,urn:node:LTER,2006-06-09T23:00:00Z
knb-lter-mcm.245.4,urn:node:LTER,2006-06-09T23:00:00Z
doi:10.6073/AA/knb-lter-mcm.1.2,urn:node:LTER,2006-02-23T00:00:00Z
knb-lter-kbs.33.23,urn:node:LTER,2006-08-04T23:00:00Z
knb-lter-mcm.2008.5,urn:node:LTER,2006-03-29T00:00:00Z
knb-lter-mcm.2007.5,urn:node:LTER,2006-03-29T00:00:00Z
knb-lter-mcm.16.3,urn:node:LTER,2006-02-23T00:00:00Z
knb-lter-mcm.225.4,urn:node:LTER,2006-06-09T23:00:00Z
knb-lter-mcm.21.6,urn:node:LTER,2006-02-23T00:00:00Z
knb-lter-mcm.256.4,urn:node:LTER,2006-06-09T23:00:00Z
knb-lter-mcm.19.5,urn:node:LTER,2006-02-23T00:00:00Z
knb-lter-mcm.11.5,urn:node:LTER,2006-02-23T00:00:00Z
knb-lter-mcm.2000.4,urn:node:LTER,2006-03-29T00:00:00Z
knb-lter-mcm.12.3,urn:node:LTER,2006-02-23T00:00:00Z
knb-lter-mcm.28.3,urn:node:LTER,2006-02-23T00:00:00Z
knb-lter-mcm.244.4,urn:node:LTER,2006-06-09T23:00:00Z
doi:10.6073/AA/knb-lter-fce.160.5,urn:node:LTER,2006-01-15T00:00:00Z
doi:10.6073/AA/knb-lter-mcm.2001.3,urn:node:LTER,2006-03-29T00:00:00Z
knb-lter-mcm.2010.5,urn:node:LTER,2006-03-29T00:00:00Z
knb-lter-mcm.2009.5,urn:node:LTER,2006-03-29T00:00:00Z
doi:10.6073/AA/knb-lter-fce.194.5,urn:node:LTER,2006-01-25T00:00:00Z
doi:10.6073/AA/knb-lter-fce.238.5,urn:node:LTER,2006-01-27T00:00:00Z
knb-lter-ntl.120.8,urn:node:LTER,2006-09-12T23:00:00Z
knb-lter-ntl.121.8,urn:node:LTER,2006-09-12T23:00:00Z
knb-lter-ntl.122.9,urn:node:LTER,2006-09-12T23:00:00Z
knb-lter-ntl.129.9,urn:node:LTER,2006-11-28T00:00:00Z
knb-lter-ntl.130.9,urn:node:LTER,2006-11-28T00:00:00Z
doi:10.6073/AA/knb-lter-mcm.55.3,urn:node:LTER,2006-02-23T00:00:00Z
doi:10.6073/AA/knb-lter-fce.164.5,urn:node:LTER,2006-01-15T00:00:00Z
doi:10.6073/AA/knb-lter-nin.8230.4,urn:node:LTER,2006-11-22T00:00:00Z
doi:10.6073/AA/knb-lter-fce.255.5,urn:node:LTER,2006-02-01T00:00:00Z
doi:10.6073/AA/knb-lter-mcm.52.3,urn:node:LTER,2006-02-23T00:00:00Z
doi:10.6073/AA/knb-lter-nin.8030.4,urn:node:LTER,2006-11-29T00:00:00Z
doi:10.6073/AA/knb-lter-nin.14525.4,urn:node:LTER,2006-11-21T00:00:00Z
doi:10.6073/AA/knb-lter-mcm.254.3,urn:node:LTER,2006-06-09T23:00:00Z
doi:10.6073/AA/knb-lter-fce.193.5,urn:node:LTER,2006-01-25T00:00:00Z
doi:10.6073/AA/knb-lter-nin.10315.4,urn:node:LTER,2006-11-21T00:00:00Z
doi:10.6073/AA/knb-lter-fce.175.5,urn:node:LTER,2006-01-20T00:00:00Z
doi:10.6073/AA/knb-lter-nin.2381.4,urn:node:LTER,2006-11-21T00:00:00Z
doi:10.6073/AA/knb-lter-nin.26414.4,urn:node:LTER,2006-11-21T00:00:00Z
doi:10.6073/AA/knb-lter-nin.22357.4,urn:node:LTER,2006-11-21T00:00:00Z
doi:10.6073/AA/knb-lter-nin.2578.4,urn:node:LTER,2006-11-21T00:00:00Z
doi:10.6073/AA/knb-lter-nin.30385.4,urn:node:LTER,2006-11-21T00:00:00Z
doi:10.6073/AA/knb-lter-nin.14467.4,urn:node:LTER,2006-11-21T00:00:00Z
doi:10.6073/AA/knb-lter-nin.2186.4,urn:node:LTER,2006-11-21T00:00:00Z
doi:10.6073/AA/knb-lter-nin.14395.4,urn:node:LTER,2006-11-21T00:00:00Z
doi:10.6073/AA/knb-lter-fce.152.5,urn:node:LTER,2006-01-15T00:00:00Z
doi:10.6073/AA/knb-lter-mcm.70.3,urn:node:LTER,2006-02-23T00:00:00Z
knb-lter-mcm.7008.8,urn:node:LTER,2006-03-30T00:00:00Z
knb-lter-mcm.73.4,urn:node:LTER,2006-02-23T00:00:00Z
doi:10.6073/AA/knb-lter-fce.166.5,urn:node:LTER,2006-01-15T00:00:00Z
doi:10.6073/AA/knb-lter-fce.144.5,urn:node:LTER,2006-01-20T00:00:00Z
doi:10.6073/AA/knb-lter-fce.168.5,urn:node:LTER,2006-01-15T00:00:00Z
knb-lter-hfr.15.16,urn:node:LTER,2006-03-13T00:00:00Z
doi:10.6073/AA/knb-lter-mcm.27.2,urn:node:LTER,2006-02-23T00:00:00Z
knb-lter-mcm.2006.5,urn:node:LTER,2006-03-29T00:00:00Z
knb-lter-mcm.46.6,urn:node:LTER,2006-02-23T00:00:00Z
doi:10.6073/AA/knb-lter-nin.10420.4,urn:node:LTER,2006-11-21T00:00:00Z
doi:10.6073/AA/knb-lter-fce.179.5,urn:node:LTER,2006-01-21T00:00:00Z
doi:10.6073/AA/knb-lter-mcm.249.3,urn:node:LTER,2006-06-09T23:00:00Z
doi:10.6073/AA/knb-lter-mcm.13.2,urn:node:LTER,2006-02-23T00:00:00Z
doi:10.6073/AA/knb-lter-fce.150.5,urn:node:LTER,2006-01-15T00:00:00Z
doi:10.6073/AA/knb-lter-nin.8594.4,urn:node:LTER,2006-11-21T00:00:00Z
doi:10.6073/AA/knb-lter-nin.18165.4,urn:node:LTER,2006-11-22T00:00:00Z
knb-lter-sbc.2004.18,urn:node:LTER,2006-01-23T00:00:00Z
doi:10.6073/AA/knb-lter-nin.15976.4,urn:node:LTER,2006-11-29T00:00:00Z
doi:10.6073/AA/knb-lter-nin.6161.4,urn:node:LTER,2006-11-21T00:00:00Z
knb-lter-sbc.2002.22,urn:node:LTER,2006-01-23T00:00:00Z
doi:10.6073/AA/knb-lter-fce.195.5,urn:node:LTER,2006-01-25T00:00:00Z
doi:10.6073/AA/knb-lter-nin.12301.4,urn:node:LTER,2006-11-21T00:00:00Z
doi:10.6073/AA/knb-lter-mcm.2011.3,urn:node:LTER,2006-03-29T00:00:00Z
doi:10.6073/AA/knb-lter-mcm.239.3,urn:node:LTER,2006-06-09T23:00:00Z
doi:10.6073/AA/knb-lter-fce.192.5,urn:node:LTER,2006-01-25T00:00:00Z
doi:10.6073/AA/knb-lter-fce.199.5,urn:node:LTER,2006-01-25T00:00:00Z
doi:10.6073/AA/knb-lter-mcm.23.3,urn:node:LTER,2006-02-23T00:00:00Z
doi:10.6073/AA/knb-lter-mcm.51.3,urn:node:LTER,2006-02-23T00:00:00Z
doi:10.6073/AA/knb-lter-mcm.227.4,urn:node:LTER,2006-06-09T23:00:00Z
doi:10.6073/AA/knb-lter-nin.2281.4,urn:node:LTER,2006-11-22T00:00:00Z
doi:10.6073/AA/knb-lter-nin.4263.4,urn:node:LTER,2006-11-22T00:00:00Z
doi:10.6073/AA/knb-lter-fce.234.6,urn:node:LTER,2006-01-26T00:00:00Z
doi:10.6073/AA/knb-lter-mcm.53.3,urn:node:LTER,2006-02-23T00:00:00Z
doi:10.6073/AA/knb-lter-mcm.252.3,urn:node:LTER,2006-06-09T23:00:00Z
doi:10.6073/AA/knb-lter-fce.190.5,urn:node:LTER,2006-01-25T00:00:00Z
doi:10.6073/AA/knb-lter-fce.165.5,urn:node:LTER,2006-01-15T00:00:00Z
doi:10.6073/AA/knb-lter-mcm.226.4,urn:node:LTER,2006-06-09T23:00:00Z
doi:10.6073/AA/knb-lter-fce.148.5,urn:node:LTER,2006-01-15T00:00:00Z
doi:10.6073/AA/knb-lter-fce.153.5,urn:node:LTER,2006-01-15T00:00:00Z
doi:10.6073/AA/knb-lter-knz.49.4,urn:node:LTER,2006-09-07T23:00:00Z
doi:10.6073/AA/knb-lter-fce.163.5,urn:node:LTER,2006-01-15T00:00:00Z
doi:10.6073/AA/knb-lter-fce.149.6,urn:node:LTER,2006-01-15T00:00:00Z
doi:10.6073/AA/knb-lter-nin.24238.4,urn:node:LTER,2006-11-21T00:00:00Z
doi:10.6073/AA/knb-lter-fce.184.5,urn:node:LTER,2006-01-24T00:00:00Z
doi:10.6073/AA/knb-lter-nin.4063.4,urn:node:LTER,2006-11-29T00:00:00Z
doi:10.6073/AA/knb-lter-fce.235.6,urn:node:LTER,2006-01-26T00:00:00Z
doi:10.6073/AA/knb-lter-fce.236.6,urn:node:LTER,2006-01-26T00:00:00Z
doi:10.6073/AA/knb-lter-nin.22146.4,urn:node:LTER,2006-11-22T00:00:00Z
doi:10.6073/AA/knb-lter-nin.6749.4,urn:node:LTER,2006-11-21T00:00:00Z
